t,z0,z1,z2,z3,z4,z5
0,-0.26772866,-0.22305223,0.551898,-0.13637911,0.31427652,0.14385122
1,-0.24670486,-0.25005153,0.5553594,-0.124182515,0.30306634,0.16607267
2,-0.22439222,-0.27634794,0.5571236,-0.110481314,0.29105917,0.18734416
3,-0.20091501,-0.3017859,0.55714184,-0.095363066,0.2783498,0.20755012
4,-0.17640552,-0.32620993,0.55537194,-0.07892757,0.26504043,0.22657998
5,-0.15100336,-0.34946576,0.55177855,-0.061286114,0.25124013,0.24432896
6,-0.12485461,-0.37140185,0.5463338,-0.042560615,0.23706432,0.26069894
7,-0.098110855,-0.39187065,0.5390173,-0.022882575,0.22263396,0.2755992
8,-0.07092815,-0.41073024,0.52981687,-0.0023919514,0.2080748,0.28894714
9,-0.043465886,-0.42784593,0.5187288,0.018764101,0.19351625,0.30066916
10,-0.015885623,-0.44309166,0.5057586,0.040432565,0.17909037,0.31070146
11,0.011650209,-0.45635173,0.49092105,0.062455986,0.16493048,0.31899056
12,0.038979635,-0.46752217,0.47424123,0.08467392,0.15116985,0.32549435
13,0.06594247,-0.4765124,0.45575452,0.1069244,0.13794029,0.33018246
14,0.09238173,-0.4832464,0.43550733,0.12904544,0.1253705,0.33303708
15,0.11814495,-0.4876639,0.41355738,0.15087646,0.11358465,0.33405334
16,0.14308555,-0.48972163,0.3899741,0.1722597,0.10270074,0.33323976
17,0.16706412,-0.48939404,0.36483872,0.19304146,0.092829116,0.3306187
18,0.1899495,-0.48667386,0.33824462,0.21307339,0.08407104,0.32622638
19,0.21162,-0.48157254,0.31029716,0.23221351,0.076517336,0.32011297
20,0.23196422,-0.47412032,0.2811136,0.25032717,0.07024724,0.31234246
21,0.25088185,-0.4643661,0.25082278,0.2672879,0.065327324,0.3029924
22,0.26828435,-0.4523769,0.21956478,0.28297794,0.06181076,0.2921534
23,0.28409526,-0.43823713,0.1874901,0.29728886,0.05973668,0.27992842
24,0.2982506,-0.42204767,0.154759,0.31012177,0.059129827,0.26643205
25,0.31069878,-0.40392458,0.12154052,0.32138768,0.060000453,0.25178945
26,0.32140073,-0.38399774,0.08801127,0.3310074,0.062344417,0.23613532
27,0.33032945,-0.36240909,0.054354288,0.33891162,0.066143535,0.21961248
28,0.3374697,-0.3393111,0.02075753,0.34504074,0.07136613,0.20237066
29,0.34281763,-0.31486472,-0.012587571,0.3493447,0.07796778,0.184565
30,0.34638003,-0.28923774,-0.04548772,0.35178265,0.08589216,0.16635457
31,0.34817374,-0.26260266,-0.07774942,0.35232276,0.095072165,0.14790083
32,0.34822512,-0.23513491,-0.10918067,0.35094193,0.10543095,0.12936616
33,0.34656915,-0.20701112,-0.13959266,0.3476254,0.116883166,0.110912316
34,0.3432489,-0.17840725,-0.16880152,0.3423666,0.1293362,0.092699
35,0.3383148,-0.14949706,-0.19662988,0.3351669,0.14269136,0.07488249
36,0.33182406,-0.120450616,-0.22290868,0.32603526,0.15684518,0.05761431
37,0.32384005,-0.09143292,-0.24747844,0.31498834,0.17169058,0.041040026
38,0.31443182,-0.06260276,-0.27019095,0.3020502,0.18711796,0.025298141
39,0.3036736,-0.034111667,-0.29091042,0.28725222,0.20301627,0.0105191
40,0.29164445,-0.0061030625,-0.30951476,0.27063322,0.21927398,-0.0031755914
41,0.27842778,0.02128845,-0.3258965,0.25223935,0.23577997,-0.015674135
42,0.26411113,0.04793763,-0.3399638,0.23212412,0.25242424,-0.026875079
43,0.24878584,0.073729,-0.35164106,0.21034847,0.2690986,-0.036687844
44,0.23254682,0.0985571,-0.3608695,0.18698081,0.28569728,-0.045033127
45,0.21549228,0.12232661,-0.36760747,0.16209708,0.30211723,-0.05184321
46,0.19772352,0.14495237,-0.37183058,0.13578072,0.31825867,-0.057062153
47,0.17934468,0.16635929,-0.37353176,0.10812275,0.33402514,-0.06064586
48,0.16046254,0.1864821,-0.372721,0.079221696,0.3493239,-0.06256211
49,0.14118628,0.20526518,-0.36942494,0.049183577,0.3640658,-0.06279043
50,0.12162715,0.22266209,-0.3636864,0.018121744,0.37816545,-0.06132195
51,0.10189826,0.23863529,-0.3555638,-0.013843228,0.39154112,-0.05815916
52,0.082114235,0.25315562,-0.34513012,-0.046583764,0.40411475,-0.053315584
53,0.062390864,0.26620185,-0.3324722,-0.07996556,0.41581172,-0.046815433
54,0.042844765,0.27776024,-0.31768975,-0.113847904,0.42656082,-0.038693197
55,0.023592953,0.28782403,-0.30089402,-0.14808407,0.43629408,-0.0289932
56,0.004752418,0.29639295,-0.28220698,-0.18252179,0.4449466,-0.017769113
57,-0.0135603305,0.30347276,-0.26175997,-0.21700378,0.45245644,-0.005083452
58,-0.03122977,0.3090749,-0.23969251,-0.25136834,0.4587646,0.008992951
59,-0.04814188,0.31321606,-0.21615122,-0.28545004,0.46381482,0.024381489
60,-0.06418472,0.31591776,-0.19128852,-0.31908053,0.46755362,0.04099633
61,-0.07924898,0.31720623,-0.16526142,-0.35208926,0.46993035,0.058745
62,-0.093228646,0.317112,-0.13823053,-0.38430458,0.4708972,0.077528924
63,-0.106021605,0.31566986,-0.110358834,-0.41555455,0.47040942,0.09724404
64,-0.11753034,0.31291866,-0.08181064,-0.44566822,0.46842548,0.11778134
65,-0.12766261,0.30890134,-0.052750576,-0.4744766,0.46490738,0.1390275
66,-0.13633224,0.30366474,-0.023342608,-0.50181407,0.45982087,0.16086547
67,-0.14345974,0.29725984,0.0062508737,-0.52751946,0.45313603,0.18317498
68,-0.14897314,0.28974172,0.03586993,-0.5514377,0.44482762,0.2058333
69,-0.15280877,0.28116974,0.06535789,-0.57342094,0.43487564,0.22871566
70,-0.15491194,0.27160764,0.094562106,-0.59333,0.42326587,0.251696
71,-0.15523773,0.2611237,0.12333466,-0.6110362,0.40999052,0.2746474
72,-0.15375175,0.24979095,0.151533,-0.6264219,0.3950487,0.29744294
73,-0.15043078,0.23768732,0.17902055,-0.6393829,0.37844735,0.31995592
74,-0.14526343,0.22489576,0.20566723,-0.64982903,0.3602016,0.34206074
75,-0.13825077,0.21150431,0.23134992,-0.6576856,0.34033546,0.36363328
76,-0.1294068,0.19760625,0.2559529,-0.6628944,0.31888252,0.3845514
77,-0.118758895,0.18330002,0.27936813,-0.665415,0.2958864,0.40469566
78,-0.106348194,0.16868919,0.30149564,-0.66522497,0.27140114,0.42394948
79,-0.09222973,0.15388228,0.32224366,-0.6623209,0.24549173,0.44219986
80,-0.07647261,0.13899256,0.34152892,-0.6567187,0.21823426,0.45933756
81,-0.059159905,0.124137595,0.35927662,-0.6484534,0.18971618,0.47525775
82,-0.040388525,0.109438874,0.37542066,-0.63757974,0.16003622,0.48986012
83,-0.02026886,0.095021166,0.38990358,-0.6241713,0.12930445,0.5030494
84,0.0010756934,0.08101181,0.4026766,-0.6083201,0.09764187,0.5147354
85,0.02350938,0.06753987,0.41369972,-0.59013593,0.065180056,0.5248339
86,0.046884876,0.054735187,0.42294157,-0.5697452,0.032060612,0.5332664
87,0.07104425,0.042727247,0.43037945,-0.5472899,-0.0015655993,0.53996086
88,0.09582003,0.031643983,0.43599945,-0.52292615,-0.03553935,0.54485184
89,0.12103649,0.021610456,0.43979633,-0.4968226,-0.06969411,0.547881
90,0.14651096,0.01274741,0.4417737,-0.46915898,-0.10385726,0.5489977
91,0.17205535,0.005169787,0.44194412,-0.44012418,-0.13785143,0.54815924
92,0.1974777,-0.0010148394,0.4403292,-0.40991443,-0.17149605,0.54533166
93,0.22258386,-0.005707858,0.43695974,-0.37873155,-0.2046089,0.5404901
94,0.24717923,-0.008821214,0.43187618,-0.3467809,-0.23700786,0.5336195
95,0.27107045,-0.010278967,0.42512855,-0.3142696,-0.26851264,0.5247153
96,0.29406732,-0.0100187855,0.41677693,-0.28140464,-0.29894665,0.51378393
97,0.31598434,-0.007993323,0.40689155,-0.24839118,-0.32813886,0.50084335
98,0.33664262,-0.004171442,0.3955531,-0.21543068,-0.35592547,0.48592365
99,0.35587144,0.0014607542,0.38285282,-0.18271947,-0.38215196,0.46906757
100,0.37350968,0.0088991225,0.3688925,-0.15044712,-0.4066744,0.45033056
101,0.3894074,0.018120956,0.3537845,-0.118795164,-0.4293614,0.42978108
102,0.403427,0.029084746,0.3376516,-0.08793591,-0.45009518,0.4075006
103,0.41544428,0.041730274,0.32062662,-0.058031306,-0.46877295,0.38358328
104,0.4253494,0.055979017,0.3028518,-0.0292321,-0.48530787,0.35813567
105,0.43304753,0.0717349,0.28447816,-0.0016770755,-0.49962983,0.33127606
106,0.4384594,0.08888533,0.2656647,0.024507528,-0.5116859,0.3031336
107,0.44152164,0.107302584,0.24657702,0.04920846,-0.52144074,0.27384734
108,0.44218686,0.1268454,0.2273863,0.072325744,-0.5288764,0.24356492
109,0.44042376,0.14736083,0.20826757,0.093772866,-0.53399235,0.21244133
110,0.4362168,0.16868621,0.18939823,0.113476805,-0.5368047,0.18063736
111,0.42956614,0.19065134,0.17095618,0.13137802,-0.53734577,0.1483181
112,0.42048705,0.21308067,0.15311797,0.1474303,-0.5356632,0.1156512
113,0.40900964,0.2357955,0.13605683,0.16160053,-0.531819,0.082805395
114,0.39517814,0.2586161,0.119940735,0.17386852,-0.525888,0.049948797
115,0.37905046,0.28136382,0.10493042,0.18422659,-0.51795727,0.01724741
116,0.36069766,0.30386305,0.09117751,0.19267932,-0.50812423,-0.015136338
117,0.34020305,0.32594296,0.07882268,0.19924308,-0.49649557,-0.047044925
118,0.3176618,0.34743902,0.06799406,0.2039457,-0.48318583,-0.07832693
119,0.29318017,0.3681944,0.058805693,0.206826,-0.468316,-0.1088381
120,0.26687482,0.38806108,0.051356282,0.20793338,-0.45201218,-0.1384422
121,0.23887207,0.40690064,0.045728132,0.20732729,-0.4344044,-0.16701178
122,0.20930724,0.42458504,0.041986328,0.20507675,-0.4156252,-0.19442874
123,0.17832379,0.440997,0.0401782,0.20125991,-0.39580867,-0.22058469
124,0.1460726,0.4560302,0.040333014,0.19596338,-0.37508917,-0.2453813
125,0.11271108,0.4695892,0.04246196,0.18928178,-0.3536005,-0.26873037
126,0.07840235,0.48158962,0.046558358,0.18131703,-0.331475,-0.29055387
127,0.04331428,0.4919575,0.0525981,0.17217784,-0.30884263,-0.3107839
128,0.007618617,0.50062925,0.06054034,0.161979,-0.28583035,-0.3293624
129,-0.028510047,0.50755095,0.07032835,0.15084074,-0.26256153,-0.3462411
130,-0.06489521,0.512678,0.08189053,0.138888,-0.2391554,-0.36138102
131,-0.101359524,0.5159745,0.09514158,0.12624979,-0.21572655,-0.37475237
132,-0.13772574,0.5174128,0.10998378,0.11305835,-0.19238465,-0.386334
133,-0.1738178,0.51697266,0.1263083,0.09944851,-0.16923411,-0.39611328
134,-0.20946187,0.51464134,0.14399667,0.08555683,-0.14637382,-0.40408546
135,-0.24448727,0.51041245,0.1629221,0.07152088,-0.12389702,-0.4102536
136,-0.2787276,0.5042862,0.18295099,0.05747839,-0.1018911,-0.41462815
137,-0.31202158,0.49626866,0.20394425,0.043566477,-0.08043748,-0.41722658
138,-0.34421414,0.4863716,0.22575878,0.029920783,-0.059611578,-0.4180732
139,-0.37515727,0.47461244,0.24824862,0.016674664,-0.039482694,-0.41719887
140,-0.4047109,0.46101406,0.27126634,0.003958328,-0.020113965,-0.41464067
141,-0.43274367,0.44560477,0.29466403,-0.008101999,-0.0015623253,-0.41044188
142,-0.45913386,0.4284184,0.31829455,-0.019384932,0.016121546,-0.40465158
143,-0.48377,0.4094943,0.34201238,-0.029774765,0.032893263,-0.39732453
144,-0.5065515,0.3888776,0.36567456,-0.0391623,0.048714787,-0.38852096
145,-0.52738935,0.36661926,0.38914138,-0.04744567,0.06355446,-0.3783064
146,-0.5462064,0.34277636,0.4122772,-0.05453112,0.07738704,-0.3667514
147,-0.56293803,0.3174122,0.43495095,-0.060333747,0.09019379,-0.3539314
148,-0.5775324,0.29059663,0.45703664,-0.06477824,0.10196247,-0.33992645
149,-0.5899505,0.26240605,0.4784137,-0.06779948,0.112687394,-0.32482088
150,-0.60016656,0.23292378,0.49896735,-0.069343194,0.12236946,-0.30870315
151,-0.60816795,0.20223992,0.51858884,-0.06936642,0.13101617,-0.29166538
152,-0.61395496,0.17045158,0.53717554,-0.06783797,0.1386416,-0.27380306
153,-0.61754113,0.13766281,0.55463105,-0.064738765,0.1452664,-0.2552147
154,-0.6189524,0.10398445,0.57086515,-0.060062088,0.15091778,-0.23600139
155,-0.6182271,0.069534004,0.5857941,-0.053813744,0.1556294,-0.21626627
156,-0.6154156,0.034435373,0.59934,-0.046012085,0.1594412,-0.19611414
157,-0.6105793,-0.0011815306,0.6114315,-0.03668796,0.16239944,-0.1756509
158,-0.6037908,-0.037181236,0.6220027,-0.025884533,0.16455631,-0.15498298
159,-0.5951324,-0.07342328,0.6309942,-0.013656991,0.16596983,-0.13421682
160,-0.584696,-0.109762855,0.638352,-7.2155606e-05,0.16670358,-0.113458216
161,-0.5725819,-0.1460516,0.6440281,0.014792026,0.16682626,-0.09281173
162,-0.5588982,-0.18213841,0.6479803,0.03084709,0.16641146,-0.07238005
163,-0.5437598,-0.21787049,0.6501718,0.047994763,0.16553706,-0.05226331
164,-0.5272875,-0.25309423,0.650572,0.06612777,0.16428487,-0.03255844
165,-0.5096069,-0.28765646,0.6491558,0.08513071,0.16273993,-0.013358492
166,-0.49084774,-0.32140556,0.64590436,0.10488103,0.16098997,0.0052480483
167,-0.4711425,-0.35419273,0.64080477,0.1252501,0.15912466,0.023177942
168,-0.45062563,-0.3858732,0.6338508,0.14610423,0.1572348,0.04035387
169,-0.42943233,-0.41630757,0.62504274,0.16730589,0.15541162,0.056705073
170,-0.40769768,-0.44536301,0.6143878,0.18871483,0.15374574,0.07216802
171,-0.3855554,-0.47291476,0.60190064,0.21018934,0.15232636,0.08668699
172,-0.363137,-0.498847,0.58760333,0.23158741,0.15124024,0.100214645
173,-0.3405706,-0.52305436,0.57152605,0.25276792,0.15057078,0.11271254
174,-0.3179801,-0.54544276,0.5537071,0.2735918,0.15039691,0.12415155
175,-0.29548413,-0.5659304,0.5341933,0.2939232,0.15079224,0.1345123
176,-0.2731952,-0.5844489,0.51304,0.3136305,0.15182406,0.14378539
177,-0.25121897,-0.60094315,0.49031162,0.33258727,0.15355246,0.15197161
178,-0.22965345,-0.61537284,0.46608117,0.35067326,0.1560295,0.159082
179,-0.20858833,-0.62771195,0.4404305,0.36777508,0.1592985,0.16513786
180,-0.1881046,-0.6379491,0.41345003,0.383787,0.16339345,0.1701705
181,-0.16827402,-0.64608765,0.38523847,0.3986114,0.16833852,0.17422104
182,-0.14915887,-0.65214497,0.35590237,0.41215923,0.17414768,0.17733991
183,-0.13081178,-0.65615225,0.3255556,0.4243504,0.18082452,0.17958638
184,-0.11327574,-0.65815365,0.29431868,0.43511403,0.18836229,0.18102783
185,-0.096584104,-0.6582055,0.26231793,0.4443884,0.19674389,0.18173897
186,-0.080760874,-0.6563751,0.2296846,0.45212096,0.20594227,0.18180102
187,-0.065820925,-0.6527398,0.19655403,0.45826843,0.21592075,0.1813007
188,-0.051770493,-0.6473857,0.16306439,0.46279645,0.22663361,0.18032917
189,-0.038607627,-0.64040625,0.12935564,0.4656794,0.23802672,0.17898098
190,-0.026322754,-0.6319009,0.09556845,0.46690014,0.2500384,0.17735289
191,-0.014899324,-0.6219738,0.061842952,0.4664496,0.26260006,0.17554277
192,-0.004314458,-0.6107324,0.028317627,0.46432662,0.27563736,0.17364843
193,0.0054603564,-0.5982861,-0.0048718806,0.46053743,0.289071,0.17176649
194,0.0144585585,-0.58474517,-0.037593834,0.45509538,0.30281764,0.16999128
195,0.02271781,-0.5702192,-0.06972147,0.4480206,0.31679103,0.16841382
196,0.030279301,-0.55481637,-0.10113395,0.43933958,0.33090276,0.1671208
197,0.03718708,-0.53864217,-0.1317173,0.42908496,0.34506336,0.16619371
198,0.043487404,-0.5217987,-0.16136515,0.41729516,0.35918307,0.16570799
199,0.049228135,-0.50438374,-0.18997948,0.4040141,0.37317264,0.16573235
200,0.05445816,-0.48649025,-0.21747115,0.38929093,0.38694414,0.16632807
201,0.059226874,-0.46820563,-0.24376045,0.3731797,0.4004116,0.16754855
202,0.063583694,-0.44961143,-0.26877734,0.35573924,0.41349173,0.16943884
203,0.06757761,-0.43078288,-0.29246175,0.3370327,0.42610425,0.17203534
204,0.071256794,-0.41178882,-0.31476372,0.3171275,0.43817246,0.17536563
205,0.07466825,-0.39269146,-0.33564338,0.29609486,0.4496237,0.17944832
206,0.07785749,-0.37354636,-0.35507074,0.27400967,0.46038958,0.18429312
207,0.08086823,-0.35440245,-0.37302563,0.25095004,0.4704062,0.18990088
208,0.08374219,-0.33530217,-0.38949725,0.22699712,0.47961435,0.1962638
209,0.08651882,-0.3162817,-0.40448394,0.20223463,0.48795977,0.20336577
210,0.08923514,-0.29737106,-0.4179925,0.17674854,0.49539307,0.21118265
211,0.09192556,-0.27859446,-0.43003774,0.1506267,0.50186986,0.2196828
212,0.09462172,-0.2599707,-0.44064185,0.123958364,0.50735074,0.22882745
213,0.09735235,-0.24151343,-0.44983375,0.096833766,0.5118013,0.2385714
214,0.10014316,-0.22323155,-0.45764837,0.06934366,0.5151921,0.24886356
215,0.10301672,-0.20512971,-0.46412587,0.04157881,0.5174986,0.25964755
216,0.10599237,-0.18720862,-0.469311,0.013629518,0.518701,0.27086246
217,0.10908613,-0.16946557,-0.47325218,-0.014414903,0.5187844,0.28244352
218,0.11231065,-0.15189485,-0.47600088,-0.04246664,0.5177385,0.29432282
219,0.115675084,-0.13448822,-0.47761074,-0.070439905,0.5155575,0.30642998
220,0.11918511,-0.1172353,-0.47813693,-0.0982514,0.51224035,0.31869295
221,0.12284285,-0.10012409,-0.4776354,-0.12582089,0.50779015,0.33103868
222,0.12664686,-0.08314135,-0.47616223,-0.15307158,0.50221455,0.3433938
223,0.13059215,-0.06627304,-0.4737728,-0.17993061,0.49552542,0.3556854
224,0.13467018,-0.049504735,-0.4705215,-0.20632951,0.48773867,0.36784157
225,0.13886888,-0.032822017,-0.46646094,-0.23220444,0.47887436,0.379792
226,0.14317277,-0.016210862,-0.46164152,-0.25749668,0.46895638,0.3914688
227,0.14756303,0.00034200444,-0.45611092,-0.28215274,0.4580125,0.40280667
228,0.15201762,0.016848765,-0.44991383,-0.3061247,0.44607407,0.4137438
229,0.15651144,0.033320192,-0.4430915,-0.32937032,0.4331759,0.42422196
230,0.16101655,0.049765345,-0.43568155,-0.35185307,0.41935602,0.43418723
231,0.16550238,0.06619129,-0.42771772,-0.37354228,0.40465564,0.44359007
232,0.16993594,0.082602896,-0.41922966,-0.39441296,0.38911858,0.4523858
233,0.17428222,0.09900253,-0.41024297,-0.4144458,0.37279135,0.46053478
234,0.17850444,0.11538997,-0.4007791,-0.43362686,0.35572255,0.46800256
235,0.1825644,0.13176216,-0.3908554,-0.4519475,0.33796275,0.47476006
236,0.18642294,0.1481131,-0.3804852,-0.46940395,0.31956407,0.4807836
237,0.19004034,0.16443379,-0.36967796,-0.48599696,0.3005798,0.48605502
238,0.19337663,0.1807121,-0.3584395,-0.5017314,0.28106406,0.49056146
239,0.19639222,0.19693275,-0.34677222,-0.51661587,0.2610714,0.49429545
240,0.19904825,0.21307735,-0.33467546,-0.53066206,0.24065639,0.49725473
241,0.2013071,0.22912438,-0.32214576,-0.5438844,0.2198732,0.49944207
242,0.20313285,0.24504931,-0.3091773,-0.5562993,0.19877532,0.50086504
243,0.20449172,0.26082462,-0.29576233,-0.567925,0.177415,0.5015358
244,0.2053526,0.27642006,-0.2818915,-0.5787803,0.15584303,0.5014706
245,0.20568743,0.29180264,-0.26755455,-0.5888847,0.1341083,0.50069
246,0.2054716,0.30693698,-0.2527406,-0.5982575,0.11225755,0.49921787
247,0.20468444,0.32178548,-0.23743875,-0.6069172,0.090334974,0.49708146
248,0.20330946,0.33630854,-0.22163855,-0.61488116,0.06838204,0.49431092
249,0.20133477,0.35046482,-0.20533055,-0.622165,0.046437234,0.49093875
250,0.19875334,0.36421165,-0.18850681,-0.6287822,0.024535852,0.4869997
251,0.19556318,0.37750515,-0.17116132,-0.63474363,0.002709862,0.48253006
252,0.19176763,0.39030075,-0.1532906,-0.6400572,-0.019012202,0.47756737
253,0.18737541,0.40255338,-0.134894,-0.6447275,-0.04060531,0.4721501
254,0.18240078,0.4142179,-0.11597425,-0.64875567,-0.062047966,0.46631712
255,0.17686346,0.4252494,-0.09653779,-0.652139,-0.083322175,0.46010736
256,0.1707887,0.43560353,-0.0765951,-0.6548711,-0.10441339,0.4535594
257,0.16420718,0.44523695,-0.05616101,-0.6569414,-0.1253104,0.4467112
258,0.15715471,0.45410758,-0.03525493,-0.6583354,-0.1460052,0.43959972
259,0.14967221,0.462175,-0.01390104,-0.6590348,-0.16649276,0.43226045
